department_id,department_name
1,Butler and Sons
2,Bell LLC
3,Perez-Peterson
4,"Pena, Graham and Kennedy"
5,Austin-Johnson
6,"Roth, Cooper and Sellers"
7,Ford and Sons
8,White Group
9,Moore-Kennedy
10,Anderson LLC
11,Reeves and Sons
12,"Murphy, Carson and Lam"
13,Meyer-Williams
14,Willis-Howard
15,"Thompson, Jones and Young"
16,"Mcbride, Williams and Ferrell"
17,"Jones, Johnson and Flynn"
18,"Williams, Stanley and Logan"
19,Bradley PLC
20,Hunt-Rodriguez
21,Harmon Ltd
22,Sanchez Inc
23,Sims-Jones
24,Jackson-Briggs
25,Carr PLC
26,"Gross, Reid and Acosta"
27,"Le, Washington and Harris"
28,"Spencer, Nguyen and Scott"
29,Walker-Davis
30,Anderson and Sons
31,Beck-Pham
32,"Cohen, Ellis and Roberts"
33,Barr-Thomas
34,Parrish Inc
35,Ross Group
36,Kirby and Sons
37,Gillespie-Thomas
38,Robbins-Campbell
39,Bailey LLC
40,Rojas Inc
41,Werner LLC
42,"Kennedy, Ware and Jones"
43,"Taylor, Tucker and Foster"
44,"Turner, Russell and Rose"
45,Mccullough-Jones
46,Weaver-Benson
47,Johnson PLC
48,Thomas-Valentine
49,"Gordon, Jones and Kidd"
50,Fisher LLC
51,Bennett Ltd
52,Leon-Martin
53,Nelson Group
54,Caldwell-King
55,"Mccullough, Ford and Navarro"
56,Jones Ltd
57,"Watts, Diaz and Mckenzie"
58,Hill-Pearson
59,Murphy and Sons
60,Tucker LLC
61,"Smith, Juarez and Yates"
62,"Dickson, Franklin and Reeves"
63,"Burke, Perry and Montgomery"
64,Gilmore Inc
65,Perkins-Rogers
66,"Hill, Brady and Thompson"
67,Johnson-Watson
68,"Hall, Wilkins and Gonzales"
69,Medina-Smith
70,"Dyer, Patel and Kline"
71,Harris-Davis
72,Phillips Group
73,"Mitchell, Ryan and Levy"
74,Cline-Sherman
75,"Collins, Lewis and Nelson"
76,"Walker, Mann and Dillon"
77,"Perry, Ward and Smith"
78,Glenn-Hamilton
79,Serrano Group
80,Saunders-Mendoza
81,"Davidson, Gross and Thompson"
82,Cohen-Allen
83,Williams-Turner
84,Sutton and Sons
85,"Blackwell, Brady and Woodard"
86,Williams-Stewart
87,Lindsey-Stewart
88,Horne-Mcdonald
89,Johnson PLC
90,Morales-Reeves
91,Camacho Inc
92,"Smith, Peterson and Reyes"
93,"Hughes, Green and Olsen"
94,"Roberts, Jimenez and Mills"
95,Warner-Wong
96,Ferguson Inc
97,"Lopez, Koch and Warren"
98,Dickerson-Ramirez
99,Smith-Russell
100,"Livingston, Hanson and Houston"
